item,qty,spec,supplier,unit_cost_usd,make_buy,notes
1 Capstan side frame,4,"6 mm S275 steel plate cheek (trapezoid 660 mm base, 220 mm top, 860 mm tall) with an anchor ear, welded on a 40 x 40 x 3 mm SHS runner 900 mm long; holes for bearings, cross tubes, pawl and brake pivot; left frames carry a welded 40 mm pawl boss; hot-dip galvanised",Local fabricator (steel from a stockist in Gandhidham or Ahmedabad),55.00,make,Two per capstan; 20.9 kg each (model); cut and drilled per SDG-DWG-101
2 Cross tube,6,"40 x 40 x 3 mm SHS, 382 mm, with two 80 x 80 x 6 mm end plates welded on, two 11 mm holes each; hot-dip galvanised",Local fabricator,12.00,make,Three per capstan (front low, rear low and top); SDG-DWG-102
3 Drum,2,"Barrel 168.3 x 4.5 mm steel pipe 280 mm long; two 330 mm x 6 mm flanges; 50 x 6 mm brake rim ring on the left flange; 40 mm C45 (EN8) bright shaft 592 mm long welded through; 14 mm rope anchor hole; galvanised barrel and flanges, shaft ends masked and greased",Local fabricator with a lathe,110.00,make,21.3 kg each (model); SDG-DWG-103
4 Spur gear 84 teeth,2,"Module 4, 84 teeth, 30 mm face, C45, webbed blank, bored 40 mm with a 12 mm keyway and set screw",Gear cutting shop or power transmission stockist (India),95.00,buy,Indicative price; bought cut and bored; 10.2 kg (model)
5 Crank shaft and pinion,2,"25 mm C45 bright bar 690 mm with two cross-pin holes and a keyway; pinion module 4, 14 teeth, 35 mm face, bored 25 mm and keyed",Gear shop (pinion); local machinist (shaft),40.00,make,SDG-DWG-104; pinion bought and keyed on
6 Flange bearing 40 mm,4,"Four-bolt flange bearing, 40 mm bore (UCF208 size), stainless steel insert in a thermoplastic housing, stainless set screws, sealed",Bearing distributor,38.00,buy,Indicative price; two per capstan on the drum shaft; corrosion-resistant type chosen for brine (SDG-DDR-001)
6b Flange bearing 25 mm,4,"Four-bolt flange bearing, 25 mm bore (UCF205 size), stainless steel insert in a thermoplastic housing",Bearing distributor,28.00,buy,Indicative price; two per capstan on the crank shaft
7 Ratchet wheel and pawl,2,"Ratchet wheel 200 mm, 20 teeth, 20 mm thick, C45, flame or laser cut, bored 40 mm and keyed; pawl 16 mm C45 plate, hardened tip; M24 pivot bolt with nyloc nut; stainless return spring",Local fabricator with laser or flame cutting,30.00,make,SDG-DWG-105
8 Brake band and lever,2,"Band 40 x 3 mm steel strip with 5 mm woven brake lining riveted on, wrapped about 245 deg round the brake rim; two 10 mm end links; lever 450 mm of 25 mm round bar with an inner arm and 20 mm pivot shaft; handle grip",Local fabricator; lining from a vehicle brake parts shop,25.00,make,SDG-DWG-106; differential band brake for paying out under control
9 Crank handle,4,"Hub 50 mm OD x 40 mm bored 25 mm with a cross-pin and R-clip; arm 40 x 10 mm flat bar, 330 mm centres; 32 mm grip turning on a 16 mm pin; galvanised",Local fabricator,10.00,make,Two per capstan; removable (taken off before paying out under load); SDG-DWG-104
10 Gear guard,2,"2 mm steel sheet cup round the gear and pinion, 50 mm deep, on three 14 mm spacers with M8 bolts; painted bright yellow",Local fabricator,20.00,make,SDG-DWG-107
11 Ground anchor,4,"Helical ground anchor, 20 mm rod 1.0 m long, one 150 mm helix, forged eye, hot-dip galvanised",Agricultural fencing or tent-anchor supplier,15.00,buy,Indicative price; two per capstan; holding to be proved on site (CalRig proof load)
11b Anchor chain and turnbuckle set,4,"8 mm grade 30 galvanised chain 1.4 m, M16 hook-and-eye galvanised turnbuckle, two 10 mm bow shackles",Hardware and rigging shop,22.00,buy,Indicative price; two per capstan
12 Bund roller saddle,2,"Two 6 mm steel side plates 300 x 140 mm on 80 x 6 mm foot plates, two 20 mm tie bars, galvanised; UHMW-PE roller 100 mm x 200 mm with 160 mm flanges; 25 mm stainless 316 axle 260 mm with R-clips",Local fabricator; UHMW-PE from a plastics stockist,45.00,make,SDG-DWG-108; 9.9 kg each (model)
13 Rake beam,1,"Pultruded FRP (glass and polyester or vinylester) square tube 100 x 100 x 6 mm, 3,000 mm, drilled",FRP profile maker (India),110.00,buy,Indicative price; 12.8 kg; SDG-DWG-109
14 Rake blade,1,"UHMW-PE sheet 15 mm, 3,000 x 300 mm, drilled and countersunk for the bolts",Plastics stockist,190.00,buy,Indicative price; 12.7 kg; SDG-DWG-110
15 Skid and hanger,3,"UHMW-PE skid 60 x 20 x 450 mm with a chamfered nose, counterbored; stainless 316 hanger, 6 mm plate bent to an L, two 11 x 24 mm slots",Plastics stockist; local fabricator,22.00,make,SDG-DWG-111; slots set the blade 5 to 25 mm above the floor
16 End cap with eye plate,2,"Stainless 316 sheet 6 mm folded round the beam end (top, bottom, rear and end), 12 mm eye plate welded on with two 18 mm eyes",Local stainless fabricator,45.00,make,SDG-DWG-112
17 Bridle and swivel set,2,"Two 12 mm polyester legs about 2.5 m with spliced thimble eyes; galvanised swivel eye-to-eye 1 t; three 10 mm bow shackles",Rope and rigging shop,35.00,buy,Indicative price; one bridle each side of the rake
18 Pull rope,2,"12 mm polyester double braid, 45 m, minimum breaking strength at least 25 kN, eye splice with thimble at the rake end, whipped plain end at the drum",Rope maker or chandler,95.00,buy,Indicative price (about USD 2 per metre); low stretch chosen to limit snap-back
19 Fastener set,1,"Stainless 316: 30 M10 bolts with nyloc nuts and washers, 30 stainless crush sleeves 16 x 2 mm, 4 M12 bolts; galvanised M10 and M12 bolts for the capstan frames and bearings; keys and set screws",Fastener stockist,75.00,buy,Indicative price
20 Rope damper,2,"Canvas bag about 5 kg (filled with sand or salt), with a snap hook that rides on the rope",Local tailor or chandler,8.00,buy,Hung on the loaded rope mid-span to absorb snap-back
21 Maintenance kit,1,"20 L freshwater can and brush for rinsing, marine grease and gun, spare pawl and spring, spare brake lining, spare shackles and R-clips, spanners",Hardware shop,60.00,buy,Indicative price; the rinse after each day of work is part of the corrosion plan
22 Ballast bag and straps,2,"Woven polypropylene bag about 550 x 300 x 120 mm filled with about 24 kg of salt on site, two 25 mm ratchet straps",Local market,6.00,buy,Keeps the blade down as the rope steepens near the bund (SDG-CAL-001 [D3] and [D4])
23 Fabrication labour and hot-dip galvanising,1,"Cutting, welding, drilling and assembly of two capstans, two rollers and the rake; galvanising of steel parts not covered in the item prices",Local fabricator,450.00,make,Estimate for a first prototype in a town workshop near the Rann
